What is your age?,Gender,Class,City/ Residencial status,Type of Family,What type of video games do you typically play?,Name the video game you usually play ,How many hours do you play Video Games in  a day?,"How much time do you play ""violent"" video games specifically?",What changes on behaviour have you experienced in yourself after playing violent video games?,"If I have to resort to violence to protect my rights, I will","Once I became so mad, I broke things",When people disagree with me I get into arguments,When I argue I use abusive language,I am a hot-tempered person,I am suspicious of strangers who are too friendly,I have threatened some people whom I know,"Have you ever been involved in delinquent behaviour? like stealing, breaking things of others",Do you believe that playing violent video games can lead to aggressive behavior in real life?
20,male,12th,Lahore,joint,action,Pubg,more than 3 hour,more than 2 hour,Frustation,Disagree,Strongly disagree,Strongly agree,Disagree,Disagree,Disagree,Strongly disagree,no,yes
18,male,11th,Lahore,joint,action,Pubg,more than 3 hour,more than 2 hour,Agerresion .  voilent stunt,Agree,Agree,Agree,Agree,Agree,Agree,Agree,yes,yes
16,male,11th,Lahore ,nuclear,action,PUBG ,more than 1 hour,more than 1 hour,aggressive ,Strongly disagree,Neither agree nor disagree,Neither agree nor disagree,Agree,Agree,Neither agree nor disagree,Disagree,yes,yes
19,female,12th,Lahore,nuclear,word connect,word connect,less than 1 hour,less than 1 hour,feel fresh,Agree,Strongly agree,Disagree,Strongly disagree,Disagree,Disagree,Disagree,no,yes
19,male,12th,Balochistan ,joint,action,Pubg,more than 2 hour,more than 2 hour,Aggression ,Strongly agree,Agree,Agree,Neither agree nor disagree,Neither agree nor disagree,Neither agree nor disagree,Agree,yes,yes
18,male,Bachelor ,Pakistan Lahore ,joint,action,PubG ,less than 1 hour,less than 1 hour,Always attentive ,Agree,Disagree,Agree,Disagree,Disagree,Disagree,Disagree,no,yes
17,male,10th,Kasur,nuclear,Racing,Need for Speed,less than 1 hour,less than 1 hour,i think I forget other important things once start playing,Agree,Agree,Disagree,Disagree,Neither agree nor disagree,Agree,Agree,yes,yes
17,male,12th,Lahore ,joint,sports,Cricket ??  and football ,less than 1 hour,less than 1 hour,No chnged,Strongly disagree,Disagree,Disagree,Strongly disagree,Agree,Agree,Neither agree nor disagree,no,no
19,male,Job,Alhumdullah,joint,Pubg,Pubg,more than 2 hour,less than 1 hour,No it's depends on your mind??????,Agree,Disagree,Agree,Disagree,Disagree,Agree,Disagree,no,no
18,male,12th,Lahore ,extended,sports,Pubg,more than 1 hour,less than 1 hour,"Aggression, anxiety ",Agree,Strongly disagree,Agree,Strongly disagree,Disagree,Disagree,Neither agree nor disagree,no,no
20,male,Uni,House,nuclear,"I play many :fps,fighting,action and sports","GTA, call of duty, fortnite, and storymode games(role playing in a story)",more than 3 hour,more than 2 hour,"Mostly none , I feel good after a hard day",Strongly agree,Disagree,Neither agree nor disagree,Agree,Neither agree nor disagree,Neither agree nor disagree,Agree,yes,yes
19,male,12th,Goood ,joint,sports,Football ,less than 1 hour,less than 1 hour,football ,Neither agree nor disagree,Agree,Neither agree nor disagree,Neither agree nor disagree,Strongly disagree,Agree,Agree,yes,no
17,male,11th,Larkana,joint,sports,No,less than 1 hour,less than 1 hour,No,Agree,Disagree,Disagree,Disagree,Disagree,Strongly agree,Agree,no,no
17,male,12th,Lahore ,nuclear,Free fire,Free fire,more than 1 hour,less than 1 hour,Nothing ,Agree,Strongly disagree,Agree,Neither agree nor disagree,Agree,Agree,Disagree,no,no
17,male,12th,Lahore Pakistan ,joint,sports,Score hero ,less than 1 hour,less than 1 hour,Nothing much,Agree,Strongly disagree,Neither agree nor disagree,Agree,Agree,Strongly agree,Disagree,no,yes
18,female,11th,Own,nuclear,puzzle,Subway surfer's ,more than 3 hour,less than 1 hour,I feel anger,Agree,Neither agree nor disagree,Agree,Disagree,Disagree,Agree,Strongly disagree,yes,yes
19,male,12th,Pakpattan ,joint,puzzle,Bubble shooter,more than 1 hour,less than 1 hour,Aggressive behavior ,Agree,Agree,Neither agree nor disagree,Disagree,Agree,Disagree,Strongly disagree,no,yes
17,male,11th,Lahore,joint,puzzle,Taken 3,more than 2 hour,less than 1 hour,Feeling superstitious ,Strongly disagree,Disagree,Neither agree nor disagree,Disagree,Disagree,Agree,Neither agree nor disagree,no,yes
19,male,12th,Lahore,joint,action,"Valorant, Pubg, GTA 5",more than 3 hour,more than 3 hour,Cool Mind ,Strongly disagree,Strongly agree,Neither agree nor disagree,Strongly disagree,Neither agree nor disagree,Agree,Disagree,no,yes
17,male,11th,Family,joint,action,Pubg,more than 5 hour,more than 5 hour,"Agression, hypertension, losing control on myself",Agree,Agree,Agree,Agree,Strongly agree,Agree,Strongly agree,yes,yes
19,male,12th,Allama Iqbal Town lahore ,joint,sports,Cricket ,more than 2 hour,less than 1 hour,Aggressive ,Neither agree nor disagree,Disagree,Agree,Strongly disagree,Strongly disagree,Neither agree nor disagree,Disagree,no,yes
20,male,Msc,Owner,joint,puzzle,Candy crush,less than 1 hour,less than 1 hour,No change ,Strongly agree,Strongly disagree,Strongly disagree,Disagree,Agree,Neither agree nor disagree,Strongly disagree,yes,no
"20, 23",male,14,Chaman,joint,puzzle,Clash of clains,less than 1 hour,less than 1 hour,Mind relaxed and time pass,Agree,Agree,Agree,Strongly agree,Agree,Agree,Disagree,no,no
20,male,Bs ,Quetta ,joint,sports,Pubg,more than 3 hour,less than 1 hour,I can't play ,Strongly disagree,Disagree,Agree,Strongly disagree,Agree,Agree,Agree,no,yes
19,male,11th,Lahore,nuclear,sports,Sports,less than 1 hour,less than 1 hour,Aggressive ,Agree,Disagree,Neither agree nor disagree,Neither agree nor disagree,Neither agree nor disagree,Agree,Strongly agree,no,yes
19,female,12th,Balochistan,joint,action,Pubg,more than 1 hour,more than 1 hour,Little aggression,Agree,Agree,Agree,Neither agree nor disagree,Neither agree nor disagree,Agree,Agree,yes,yes
19,male,12th,Lahore DHA ,joint,sports,Cricket ,more than 1 hour,less than 1 hour,Headache ,Disagree,Agree,Disagree,Disagree,Disagree,Agree,Disagree,no,yes
23,male,MA History ,Punjab university Hostel,nuclear,sports,Cricket ,less than 1 hour,less than 1 hour,Encourage ,Neither agree nor disagree,Strongly agree,Agree,Disagree,Strongly disagree,Agree,Agree,no,yes
20,male,BS,Lahire DHA,nuclear,puzzle,Sega,more than 1 hour,more than 2 hour,I feel confident,Disagree,Disagree,Disagree,Disagree,Disagree,Disagree,Disagree,no,yes
18,male,12th,Lahore,joint,fighting,PUBG,more than 2 hour,less than 1 hour,I feel aggressive,Neither agree nor disagree,Disagree,Agree,Strongly disagree,Strongly disagree,Agree,Disagree,yes,yes
19,male,12th,zhob,joint,action,gta vice city,more than 1 hour,more than 1 hour,nothigs,Disagree,Neither agree nor disagree,Disagree,Disagree,Disagree,Strongly disagree,Strongly disagree,no,no
19,male,12th,Lahore ,joint,fighting,Taken 5,more than 2 hour,more than 2 hour,Aggression,Agree,Disagree,Disagree,Disagree,Disagree,Disagree,Disagree,no,yes
19,male,12th,Lahore,joint,fighting,Clash of clans,more than 1 hour,less than 1 hour,Nill,Agree,Neither agree nor disagree,Neither agree nor disagree,Strongly disagree,Disagree,Disagree,Neither agree nor disagree,no,yes
28 year,female,AM,Student,joint,action,Pubg,more than 1 hour,more than 1 hour,"Relax
",Disagree,Strongly disagree,Strongly disagree,Strongly disagree,Neither agree nor disagree,Disagree,Neither agree nor disagree,yes,yes
19,male,12th,Zhob,joint,sports,Football game,less than 1 hour,less than 1 hour,Some experience,Agree,Disagree,Agree,Disagree,Disagree,Agree,Disagree,no,yes
19,female,B.com,Nankana sahib ,joint,puzzle,Puzzle,less than 1 hour,less than 1 hour,Roud,Strongly disagree,Disagree,Disagree,Neither agree nor disagree,Strongly agree,Strongly agree,Neither agree nor disagree,no,yes
17,female,Ets,Lahore,joint,roleplay,Mine craft,less than 1 hour,less than 1 hour,No,Agree,Disagree,Neither agree nor disagree,Disagree,Neither agree nor disagree,Agree,Disagree,no,no
18,female,12th,Nankana sahib,extended,puzzle,Candy manner home design ,less than 1 hour,less than 1 hour,Don't play violent games,Disagree,Disagree,Agree,Strongly disagree,Disagree,Neither agree nor disagree,Disagree,no,yes
18,female,12th,Lahore ,joint,sports,Subway surfer's ,less than 1 hour,less than 1 hour,Feeling relaxed ,Disagree,Agree,Disagree,Neither agree nor disagree,Agree,Agree,Disagree,no,yes
19,male,12th,Zhob,nuclear,sports,Football,more than 1 hour,less than 1 hour,Excited,Disagree,Neither agree nor disagree,Agree,Agree,Agree,Strongly disagree,Neither agree nor disagree,no,yes
18,female,12th,Lahore,joint,action,Mind games,more than 1 hour,less than 1 hour,Anger increase,Agree,Disagree,Agree,Disagree,Agree,Agree,Disagree,no,yes
24,male,12th,Lahore,joint,sports,Mission imposible ,more than 2 hour,more than 1 hour,Very good,Strongly disagree,Strongly disagree,Neither agree nor disagree,Strongly disagree,Strongly disagree,Neither agree nor disagree,Neither agree nor disagree,yes,yes
20,male,12th,Killa Siaf Ullah ,joint,fighting,Sabway surpar,more than 5 hour,more than 2 hour,Na thing,Neither agree nor disagree,Disagree,Strongly disagree,Agree,Agree,Disagree,Strongly agree,no,yes
19,male,12th,Lahore,joint,first person shooter,Counter Strike ,more than 3 hour,more than 2 hour,Liking arms and ammunitions,Disagree,Disagree,Agree,Strongly agree,Agree,Agree,Disagree,no,no
18,male,10th,Zhob,joint,sports,Football ,less than 1 hour,less than 1 hour,Good ,Strongly disagree,Strongly agree,Agree,Agree,Strongly disagree,Strongly agree,Strongly disagree,yes,no
"20, ",male,12th,115 sector E talha block bahria town lahore,nuclear,action,Gta 5,more than 5 hour,more than 5 hour,"Nothing 
",Strongly agree,Strongly disagree,Neither agree nor disagree,Strongly disagree,Neither agree nor disagree,Strongly disagree,Strongly disagree,yes,no
20,male,13,Lahore,extended,fighting,Fighring,less than 1 hour,less than 1 hour,Time,Strongly agree,Agree,Agree,Agree,Agree,Agree,Agree,yes,yes
20,male,Bachelors level,Lahore,joint,sports,Cricket,less than 1 hour,less than 1 hour,I don't experience any change ,Neither agree nor disagree,Disagree,Agree,Disagree,Disagree,Agree,Strongly disagree,no,yes
20,female,Bscs ,Lahore ,joint,first person shooter,PUBG & ludo star ,more than 1 hour,more than 1 hour,Nothing much ??,Disagree,Strongly disagree,Strongly disagree,Strongly disagree,Neither agree nor disagree,Neither agree nor disagree,Strongly disagree,no,no
18,male,Bscs 1st semester ,Lahore ,joint,sports,Car parking ,more than 1 hour,more than 1 hour,Car parking ,Disagree,Disagree,Neither agree nor disagree,Neither agree nor disagree,Neither agree nor disagree,Neither agree nor disagree,Neither agree nor disagree,no,no
22,female,16th standard,Lahore ,nuclear,puzzle,Candy crush ,less than 1 hour,more than 2 hour,Sometimes I feel tired,Strongly agree,Disagree,Strongly agree,Strongly disagree,Neither agree nor disagree,Strongly agree,Strongly disagree,no,yes
22,female,Graduation ,Lahore,nuclear,fighting,PUBG,more than 1 hour,more than 1 hour,I rudely behave with others,Strongly agree,Disagree,Neither agree nor disagree,Strongly disagree,Strongly disagree,Neither agree nor disagree,Strongly disagree,no,yes
26,male,Bachelor ,Lahore ,joint,fighting,Taken,less than 1 hour,less than 1 hour,Nothing ,Disagree,Disagree,Agree,Strongly disagree,Disagree,Neither agree nor disagree,Disagree,no,no
20,female,BBA 4th sem,Lahore,nuclear,first person shooter,pubg,more than 5 hour,more than 1 hour,Nothing. ,Agree,Disagree,Neither agree nor disagree,Strongly disagree,Neither agree nor disagree,Strongly agree,Neither agree nor disagree,no,no
21,female,BBA 7th smester,Lahote,joint,puzzle,Candy cruch,less than 1 hour,less than 1 hour,I do not play violent game ,Neither agree nor disagree,Strongly disagree,Agree,Neither agree nor disagree,Neither agree nor disagree,Agree,Disagree,no,yes
24,female,BBA,Lahore,joint,puzzle,8 ball ,less than 1 hour,less than 1 hour,Time waste,Strongly disagree,Strongly disagree,Disagree,Disagree,Strongly agree,Agree,Strongly disagree,no,yes
19,male,Bscs 1 semester,Lahore,joint,sports,Cricket 2007,less than 1 hour,less than 1 hour,"I got mad 
",Agree,Disagree,Disagree,Disagree,Neither agree nor disagree,Neither agree nor disagree,Disagree,no,yes
32,male,Post Graduation ,Faisalabad ,joint,puzzle,Connection ,less than 1 hour,less than 1 hour,Anxiety & stress,Agree,Agree,Disagree,Neither agree nor disagree,Agree,Neither agree nor disagree,Disagree,yes,yes
17,male,11th,Lahore ,joint,sports,Fifa,less than 1 hour,less than 1 hour,Nothing ,Strongly disagree,Disagree,Disagree,Strongly disagree,Strongly disagree,Strongly disagree,Strongly disagree,no,yes
19,female,12th,Lahore,joint,puzzle,1208,less than 1 hour,less than 1 hour,i don't play,Disagree,Strongly disagree,Disagree,Strongly disagree,Disagree,Neither agree nor disagree,Strongly disagree,no,no
20,male,12th,Zhob ,joint,sports,GTA 5,more than 1 hour,less than 1 hour,Horrible dreams ,Neither agree nor disagree,Neither agree nor disagree,Agree,Strongly disagree,Agree,Neither agree nor disagree,Strongly disagree,no,yes
20,female,12th,Quetta,nuclear,sports,8 ball pool,less than 1 hour,less than 1 hour,Didn't change any type of behavior ,Neither agree nor disagree,Disagree,Neither agree nor disagree,Strongly disagree,Disagree,Disagree,Strongly disagree,no,yes
18,female,12th,Lahore,nuclear,Temple run ,Temple run ,less than 1 hour,less than 1 hour,I can't play this game ,Strongly agree,Disagree,Strongly agree,Disagree,Disagree,Neither agree nor disagree,Agree,no,yes
16,male,10th,Zhob balochistan,joint,sports,Vice city,more than 2 hour,more than 2 hour,Vision problem,Strongly disagree,Disagree,Strongly disagree,Strongly disagree,Agree,Agree,Neither agree nor disagree,no,yes
20,male,Bscs,Lahore ,joint,sports,World cricket chempionship,less than 1 hour,less than 1 hour,Nothing ,Strongly disagree,Strongly disagree,Neither agree nor disagree,Strongly disagree,Strongly disagree,Agree,Strongly disagree,no,no
18,female,12th,Lahore,joint,Cooking,Cooking games,less than 1 hour,less than 1 hour,Normal,Neither agree nor disagree,Strongly disagree,Neither agree nor disagree,Neither agree nor disagree,Neither agree nor disagree,Strongly agree,Neither agree nor disagree,no,yes
20,male,Dvm,Muzaffargarh ,joint,puzzle,Gtavoice city,less than 1 hour,less than 1 hour,Nothing,Disagree,Agree,Agree,Agree,Neither agree nor disagree,Neither agree nor disagree,Neither agree nor disagree,yes,yes
18,male,11th,ZHOB,joint,sports,8 ball pool,more than 1 hour,more than 1 hour,Intelligence stability ,Neither agree nor disagree,Disagree,Agree,Disagree,Disagree,Neither agree nor disagree,Disagree,no,yes
17,male,11th,Lahore,joint,action,PUBG,more than 3 hour,more than 3 hour,Angry ??,Neither agree nor disagree,Agree,Agree,Agree,Agree,Neither agree nor disagree,Disagree,no,yes
18,male,10th,Lahore,joint,fighting,Pubg ,more than 3 hour,more than 2 hour,Mostly i become grump,Neither agree nor disagree,Agree,Disagree,Disagree,Agree,Agree,Disagree,no,yes
"18, 19",male,12th,Quetta,nuclear,fighting,PUBG,more than 2 hour,more than 2 hour,fighting behaviour,Agree,Strongly disagree,Agree,Strongly disagree,Neither agree nor disagree,Agree,Disagree,no,yes
17,male,11th,Lahore ,joint,fighting,PUBG,more than 2 hour,more than 2 hour,I feel like I?m in battle field,Neither agree nor disagree,Disagree,Agree,Neither agree nor disagree,Neither agree nor disagree,Neither agree nor disagree,Disagree,yes,yes
18,male,12th,Lahore,joint,fighting,Pubg,more than 1 hour,more than 1 hour,I feel myself aggresive,Strongly agree,Agree,Strongly agree,Disagree,Disagree,Disagree,Agree,yes,no
17,male,11th,Lahore ,nuclear,action,PUBG,more than 1 hour,more than 1 hour,Ok,Neither agree nor disagree,Strongly disagree,Disagree,Strongly disagree,Disagree,Strongly agree,Strongly disagree,no,no
20,male,11th,Lahore ,nuclear,sports,Ea sports cricket ,more than 1 hour,less than 1 hour,It's waste a lot of time ,Strongly disagree,Strongly disagree,Strongly disagree,Strongly disagree,Strongly disagree,Disagree,Strongly disagree,no,no
20,male,12th,Lahore,nuclear,action,Arknights,more than 2 hour,more than 2 hour,None,Agree,Strongly disagree,Disagree,Strongly disagree,Strongly disagree,Neither agree nor disagree,Strongly disagree,no,no
15,male,9th,Lahore,extended,action,Pubg,more than 5 hour,more than 5 hour,NA,Agree,Strongly disagree,Strongly disagree,Disagree,Disagree,Disagree,Strongly disagree,no,no
20,male,Bs,Quetta ,joint,action,Call of duty  GTA 5 Last of us ,more than 3 hour,more than 1 hour,I have bulit my English and active my mind ,Agree,Agree,Agree,Agree,Agree,Neither agree nor disagree,Agree,no,yes
20,male,DVM,Layyah,joint,action,PUB G,more than 2 hour,more than 1 hour,Aggressive,Agree,Disagree,Neither agree nor disagree,Disagree,Strongly disagree,Neither agree nor disagree,Disagree,yes,yes
18,male,12th,Lahore,joint,action,Counter Strike Global Offensive ,more than 2 hour,more than 1 hour,"Lack of focus, low temper, easily distraction, hArd time studying.",Strongly agree,Disagree,Strongly agree,Neither agree nor disagree,Agree,Strongly agree,Neither agree nor disagree,yes,yes
19,male,LLB,Lahore,joint,fighting,Pubg,more than 3 hour,more than 3 hour,Nothing ,Agree,Disagree,Agree,Agree,Disagree,Disagree,Disagree,no,yes
18,female,11th,Lahore ,joint,sports,A-1 city ,more than 3 hour,less than 1 hour,I feel relax,Strongly agree,Strongly disagree,Agree,Strongly disagree,Strongly disagree,Agree,Strongly disagree,no,yes
18,male,11th,lahore,joint,action,Pubg,more than 3 hour,more than 3 hour,i wana paly game for. freshment ,Disagree,Disagree,Agree,Disagree,Disagree,Disagree,Disagree,yes,yes
18,male,12th,Lahore,joint,sports,Funny,less than 1 hour,less than 1 hour,Wasting of time.,Agree,Agree,Strongly agree,Neither agree nor disagree,Strongly disagree,Disagree,Disagree,no,yes
22,male,MSC ,Lahore ,nuclear,sports,World cricket ,less than 1 hour,less than 1 hour,Wants to play more than more ,Disagree,Strongly disagree,Agree,Neither agree nor disagree,Strongly disagree,Neither agree nor disagree,Strongly disagree,no,yes
25,male,Master,Kasur,joint,puzzle,Buble Gum,more than 1 hour,more than 1 hour,Time pass,Strongly disagree,Strongly disagree,Agree,Strongly disagree,Strongly disagree,Strongly disagree,Strongly disagree,no,yes
22,female,Master,Lahore,nuclear,puzzle,candy crash,less than 1 hour,less than 1 hour,no,Neither agree nor disagree,Neither agree nor disagree,Neither agree nor disagree,Neither agree nor disagree,Neither agree nor disagree,Neither agree nor disagree,Neither agree nor disagree,yes,yes
17,male,10th,lahore,nuclear,GTA openworld,vicecity,more than 2 hour,more than 2 hour,during game feel good after realize waste time,Agree,Agree,Neither agree nor disagree,Agree,Disagree,Agree,Agree,no,yes
"20, ",male,12th,Faisalabad ,joint,action,Pubg,more than 2 hour,more than 2 hour,Abnormal ,Neither agree nor disagree,Neither agree nor disagree,Neither agree nor disagree,Agree,Neither agree nor disagree,Agree,Disagree,no,yes
18,female,12th,Lahore ,joint,fighting,PUBG,more than 2 hour,less than 1 hour,Nothing,Disagree,Strongly disagree,Neither agree nor disagree,Strongly disagree,Strongly disagree,Strongly agree,Strongly disagree,no,yes
17,male,10th,Balochistan ,joint,sports,Football ,more than 1 hour,more than 2 hour,No change,Agree,Agree,Neither agree nor disagree,Agree,Disagree,Neither agree nor disagree,Strongly disagree,no,yes
20,male,12th,Rawalpindi,joint,fighting,Pubg mobile,more than 2 hour,less than 1 hour,Just for fun,Agree,Disagree,Neither agree nor disagree,Disagree,Neither agree nor disagree,Neither agree nor disagree,Neither agree nor disagree,no,no
15,male,9th,Lahore,joint,action,Pubg,more than 1 hour,more than 1 hour,"I,m normal playing this game",Agree,Disagree,Agree,Disagree,Agree,Agree,Disagree,yes,yes
23,male,Msc ,Lahore,joint,fighting,Gangsters 2,more than 5 hour,more than 5 hour,Feeling aggressive and glamourised offending ,Strongly disagree,Strongly disagree,Agree,Disagree,Agree,Strongly agree,Disagree,no,yes
21,male,15th,Sheikhupura ,joint,action,Glory of generals,more than 1 hour,less than 1 hour,None,Neither agree nor disagree,Disagree,Disagree,Strongly disagree,Disagree,Agree,Disagree,yes,no
20,male,Diploma ,Lahore ,joint,sports,Cricket ,less than 1 hour,less than 1 hour,Yes,Disagree,Disagree,Neither agree nor disagree,Disagree,Neither agree nor disagree,Agree,Agree,no,yes
18,male,12th,Lahore,joint,action,Pubg,more than 3 hour,more than 2 hour,Frustatiom,Disagree,Disagree,Agree,Strongly disagree,Strongly agree,Disagree,Neither agree nor disagree,yes,yes
19,male,11th,Lahore,joint,roleplay,GTA san andreas,more than 2 hour,more than 2 hour,feel like i must play more,Agree,Disagree,Disagree,Agree,Neither agree nor disagree,Strongly agree,Agree,no,no
23 year old ,female,BS 4th year ,Lahore ,joint,roleplay,Pubg,less than 1 hour,more than 1 hour,Increased aggression,Neither agree nor disagree,Neither agree nor disagree,Agree,Agree,Neither agree nor disagree,Strongly agree,Agree,yes,no
18,male,Bachelors,Lahore,nuclear,fighting,Pubg,more than 5 hour,more than 5 hour,I feel like playing out the same violent stunts as the actors in the videogame act out.,Strongly agree,Strongly agree,Strongly agree,Strongly agree,Strongly agree,Strongly agree,Strongly agree,yes,yes
19,male,9th,Lahore,extended,action,Mortal kombat,more than 1 hour,more than 1 hour,Relaxed,Disagree,Disagree,Neither agree nor disagree,Neither agree nor disagree,Disagree,Neither agree nor disagree,Neither agree nor disagree,no,no
16,male,9th,Lahore,nuclear,first person shooter,Shadow fight,less than 1 hour,less than 1 hour,Fun,Disagree,Disagree,Neither agree nor disagree,Neither agree nor disagree,Disagree,Strongly disagree,Disagree,no,yes
20,female,12th,Lahore,joint,action,Pubg,more than 2 hour,more than 2 hour,Motivated,Agree,Neither agree nor disagree,Agree,Agree,Neither agree nor disagree,Agree,Neither agree nor disagree,yes,no
19,male,bs,lahore,joint,sports,cricket ,more than 2 hour,more than 2 hour,i feel relaxed ,Neither agree nor disagree,Agree,Agree,Disagree,Disagree,Disagree,Disagree,no,no
17,male,11th,Lahore,joint,action,Freefire,more than 2 hour,more than 3 hour,Agrresive,Agree,Agree,Agree,Agree,Agree,Agree,Agree,yes,yes
18,male,11th,Lahore,joint,sports,Cricket,more than 3 hour,more than 2 hour,Irritation,Strongly disagree,Strongly agree,Agree,Agree,Disagree,Agree,Strongly disagree,yes,yes
25,male,16,Lahore ,joint,No,8poll,less than 1 hour,less than 1 hour,No,Disagree,Disagree,Neither agree nor disagree,Neither agree nor disagree,Disagree,Neither agree nor disagree,Agree,yes,no
25,male,M.A special Education ,Rajanpur ,joint,fighting,PUBG,more than 1 hour,less than 1 hour,No changes,Agree,Disagree,Disagree,Disagree,Disagree,Agree,Disagree,no,yes
19,male,12th,Lahore ,nuclear,fighting,Pubg,more than 2 hour,more than 2 hour,Idk,Agree,Neither agree nor disagree,Neither agree nor disagree,Neither agree nor disagree,Neither agree nor disagree,Disagree,Strongly disagree,yes,yes
28,male,BA (AD),Lahore ,joint,sports,Crickets ,more than 1 hour,more than 1 hour,No,Strongly disagree,Strongly disagree,Strongly disagree,Strongly disagree,Strongly disagree,Strongly disagree,Neither agree nor disagree,no,no
20,male,12th,Lahore ,joint,sports,Pubg,less than 1 hour,more than 2 hour,Nothing ,Neither agree nor disagree,Disagree,Agree,Disagree,Strongly disagree,Strongly disagree,Neither agree nor disagree,yes,yes
19,male,12th,Quetta ,joint,sports,Ludo,more than 1 hour,more than 1 hour,Mm,Agree,Neither agree nor disagree,Disagree,Neither agree nor disagree,Agree,Neither agree nor disagree,Neither agree nor disagree,no,yes
16,male,11th,Lahore ,joint,sports,Fifa 23 ,more than 3 hour,more than 2 hour,Turned a bit angry ,Neither agree nor disagree,Strongly disagree,Disagree,Neither agree nor disagree,Agree,Neither agree nor disagree,Strongly disagree,no,no
15,female,10th,lahore,joint,fighting,fortnite ,more than 1 hour,more than 1 hour,being angry,Disagree,Strongly disagree,Neither agree nor disagree,Agree,Agree,Agree,Strongly disagree,no,no
16,male,11th,Lahore,joint,roleplay,Elden ring/fifa,more than 1 hour,more than 1 hour,None ,Strongly agree,Neither agree nor disagree,Disagree,Disagree,Neither agree nor disagree,Disagree,Neither agree nor disagree,no,no
15,male,11th,Lahore,joint,first person shooter,Call of duty,more than 3 hour,more than 3 hour,None,Neither agree nor disagree,Strongly disagree,Strongly disagree,Strongly disagree,Disagree,Strongly agree,Disagree,no,no
15,male,11th,Lahore ,nuclear,"Many like 1st,4th,5,6 options ","Like I said many (story games , fighting, fps ,sowrds)",more than 3 hour,more than 3 hour,"People respond differently for me it?s nothing , I feel good and less tired and I think that people feel good around me once I?m relaxed by playing games",Agree,Neither agree nor disagree,Neither agree nor disagree,Agree,Neither agree nor disagree,Agree,Agree,no,no
20,male,12th,Lhr,joint,sports,Cricket,more than 1 hour,less than 1 hour,Noting ,Strongly disagree,Agree,Disagree,Neither agree nor disagree,Neither agree nor disagree,Agree,Strongly disagree,no,no
23,male,M A,Shikarpur,joint,sports,Racing car,more than 2 hour,more than 2 hour,Nice,Agree,Agree,Agree,Agree,Agree,Agree,Agree,yes,yes
18,female,12th,Lahore,joint,fighting,PUBG,more than 1 hour,more than 1 hour,Nothing,Agree,Disagree,Disagree,Strongly disagree,Disagree,Agree,Strongly disagree,no,yes
17,male,Bachelors,Lahore,joint,"Story driven action games (Telltale's The Walking Dead, The Last of Us, Red Dead Redemption etc)",World of Tanks PC,less than 1 hour,less than 1 hour,"I have since given up on video games but when I used to play, I used to feel dissatisfied by the way I was spending my time/life. Perhaps it contributed to the general feeling of demoralization. It certainly didn't improve my overall mental stability and and weakened my mental strength and resolve, perhaps even contributed to loss of emotional control.",Agree,Neither agree nor disagree,Disagree,Strongly disagree,Neither agree nor disagree,Agree,Disagree,no,no
18,male,12th,Zhob,joint,fighting,Pubg,more than 3 hour,more than 3 hour,Bad behaviour,Neither agree nor disagree,Strongly agree,Strongly disagree,Agree,Strongly disagree,Agree,Strongly disagree,no,yes
20,male,Doctor of veterinary medicine  ,Zhob,joint,fighting,Counter strike ,more than 1 hour,more than 1 hour,I am now somehow furious and depressed ,Neither agree nor disagree,Disagree,Disagree,Disagree,Neither agree nor disagree,Agree,Disagree,no,yes
15,female,9th,Lahore,joint,action,Call of Duty,more than 1 hour,more than 1 hour,Tried to Follow some Techniques ,Strongly disagree,Strongly disagree,Agree,Strongly disagree,Strongly disagree,Strongly disagree,Strongly disagree,no,no
15,female,9th,Lahore,nuclear,action,Free fire ,less than 1 hour,less than 1 hour,Sometimes angry on siblings ,Agree,Disagree,Agree,Agree,Agree,Agree,Agree,yes,yes
16,female,12th,Iqbal Park Link 11rifal range road DHA phase 1main bloue vard Lahore ,nuclear,puzzle,Grand thief auto V,less than 1 hour,less than 1 hour,Can't takes its seriously.,Strongly agree,Disagree,Disagree,Strongly disagree,Neither agree nor disagree,Neither agree nor disagree,Strongly disagree,no,no
19,male,9th,Lahore ,joint,first person shooter,Call of duty mobile ,more than 2 hour,more than 2 hour,Excited,Disagree,Neither agree nor disagree,Disagree,Disagree,Neither agree nor disagree,Agree,Disagree,yes,no
15,female,10th,Lahore,nuclear,puzzle,Brain test,less than 1 hour,less than 1 hour,No change,Agree,Disagree,Agree,Disagree,Neither agree nor disagree,Agree,Disagree,no,yes
20,female,12th,Lahore,nuclear,fighting,Call of duty,less than 1 hour,less than 1 hour,No changes,Disagree,Strongly agree,Agree,Strongly disagree,Disagree,Neither agree nor disagree,Strongly disagree,no,yes
15,male,9th,Lahore,joint,action,Call of duty,more than 5 hour,more than 5 hour,I want to shoot every moving thing on earth.,Strongly agree,Strongly agree,Strongly agree,Disagree,Strongly agree,Neither agree nor disagree,Strongly disagree,no,yes
17,male,12th,Lahore,joint,action,Counter Strike 1.6,more than 3 hour,more than 2 hour,I see everyone as my target and sometimes I wanted to implement the game scenario in real life. ,Neither agree nor disagree,Strongly disagree,Disagree,Strongly disagree,Strongly disagree,Agree,Strongly disagree,yes,no
18,female,12th,Lahore,joint,fighting,Gta ,less than 1 hour,more than 1 hour,No,Strongly disagree,Strongly disagree,Strongly agree,Strongly disagree,Strongly disagree,Agree,Strongly agree,no,no
15,female,9th,pakpattan ,nuclear,action,PUBG,more than 3 hour,more than 2 hour,nothing,Agree,Strongly agree,Agree,Strongly agree,Strongly agree,Agree,Strongly disagree,no,no
20,male,12th,Lahore,joint,action,Pubg,more than 2 hour,more than 2 hour,Nothing ,Neither agree nor disagree,Strongly disagree,Disagree,Strongly agree,Strongly disagree,Agree,Agree,no,yes
20,female,Bsc (hons),Lahore,nuclear,action,Call of duty,more than 1 hour,less than 1 hour,Getting annoyed easily ,Disagree,Disagree,Neither agree nor disagree,Disagree,Neither agree nor disagree,Agree,Strongly disagree,no,yes
20,female,12th,Lahore,nuclear,action,Ludo,more than 3 hour,less than 1 hour,Nothing ,Strongly disagree,Agree,Disagree,Strongly disagree,Agree,Agree,Disagree,no,yes
19,female,12th,Lahore,nuclear,sports,No one,less than 1 hour,less than 1 hour,No change,Neither agree nor disagree,Agree,Agree,Strongly disagree,Neither agree nor disagree,Agree,Agree,no,no
20,female,12th,Lahore,joint,fighting,PUBG,more than 3 hour,less than 1 hour,Annoying ,Agree,Strongly agree,Strongly agree,Strongly disagree,Neither agree nor disagree,Agree,Neither agree nor disagree,no,no
18,female,12th,Lahore,nuclear,fighting,PUBG,more than 5 hour,more than 3 hour,Maybe I fight with everyone ,Agree,Agree,Agree,Neither agree nor disagree,Agree,Neither agree nor disagree,Disagree,yes,yes
16,male,10th,Lahore,extended,action,Pubg,less than 1 hour,less than 1 hour,Aggressiveness ,Agree,Disagree,Disagree,Neither agree nor disagree,Neither agree nor disagree,Neither agree nor disagree,Neither agree nor disagree,no,no
19,female,Bs interior designing ,Wazirabad ,joint,fighting,Hkjv,less than 1 hour,less than 1 hour,Rybvj,Strongly disagree,Agree,Neither agree nor disagree,Disagree,Disagree,Strongly disagree,Disagree,yes,yes
20,male,12th,Lahore,nuclear,first person shooter,"PubG,Arena Breakout",more than 3 hour,more than 3 hour,Relaxed,Neither agree nor disagree,Neither agree nor disagree,Agree,Agree,Agree,Agree,Neither agree nor disagree,no,no
18,female,Bba,Lahore ,joint,action,Pubg,less than 1 hour,less than 1 hour,Nothing ,Strongly disagree,Strongly agree,Agree,Agree,Agree,Agree,Neither agree nor disagree,yes,yes
18,male,BS Commerce ,Lahore,joint,sports,Fifa,more than 1 hour,less than 1 hour,Nothing ,Strongly disagree,Neither agree nor disagree,Neither agree nor disagree,Neither agree nor disagree,Neither agree nor disagree,Neither agree nor disagree,Neither agree nor disagree,no,no
18,female,12th,Lahorw,nuclear,Violent,Counter Strike,more than 1 hour,more than 1 hour,Not any,Agree,Strongly disagree,Agree,Strongly disagree,Neither agree nor disagree,Agree,Strongly disagree,no,yes
15,male,9th,Pakpattan,nuclear,action,Call of duty,more than 3 hour,less than 1 hour,Nothing,Neither agree nor disagree,Strongly disagree,Neither agree nor disagree,Strongly disagree,Agree,Neither agree nor disagree,Strongly disagree,no,no
23,male,Graduate,Lahore,joint,sports,8 ball poll,less than 1 hour,less than 1 hour,Nothing,Neither agree nor disagree,Neither agree nor disagree,Disagree,Disagree,Neither agree nor disagree,Neither agree nor disagree,Neither agree nor disagree,no,yes
